,urlid,predicted
0,5865,0
1,782,1
2,6962,0
3,7640,1
4,3589,0
5,6719,0
6,3905,0
7,9841,0
8,7447,1
9,4776,1
10,2879,0
11,2620,1
12,10479,1
13,1105,1
14,1849,1
15,8286,0
16,8344,0
17,10486,0
18,8661,0
19,7188,1
20,1433,0
21,677,0
22,469,0
23,6988,1
24,8024,1
25,6896,0
26,9154,0
27,342,0
28,50,1
29,983,1
30,6933,1
31,8271,1
32,5602,1
33,4505,1
34,4966,0
35,2390,1
36,6736,0
37,4660,0
38,7560,0
39,3840,0
40,5823,0
41,5789,0
42,1595,1
43,6770,0
44,3522,0
45,5584,0
46,8323,0
47,3862,0
48,373,1
49,7345,1
50,7708,0
51,1398,0
52,4298,0
53,7467,1
54,1878,0
55,1832,1
56,625,1
57,7438,1
58,9961,0
59,7117,1
60,8190,1
61,1713,0
62,949,1
63,9246,1
64,2326,1
65,8942,1
66,4458,0
67,4659,0
68,9522,1
69,2497,0
70,9836,0
71,3808,0
72,5575,0
73,5714,0
74,2490,0
75,6812,1
76,4335,1
77,10014,0
78,5889,0
79,482,0
80,8082,1
81,5856,0
82,8866,0
83,2624,0
84,1371,0
85,4436,1
86,2972,0
87,3638,0
88,6249,0
89,7602,1
90,9624,0
91,7567,1
92,6578,1
93,7590,0
94,8590,0
95,10520,0
96,1906,1
97,1373,0
98,1601,0
99,4754,1
100,8208,1
101,1658,0
102,1352,0
103,8143,0
104,7760,0
105,7836,0
106,9769,1
107,503,0
108,4909,1
109,7162,1
110,10035,0
111,1992,0
112,6133,1
113,8519,1
114,1879,0
115,7107,1
116,1225,0
117,2451,0
118,8252,1
119,9214,0
120,4850,0
121,5891,1
122,5274,1
123,8623,1
124,562,0
125,860,1
126,4199,0
127,7616,1
128,10544,0
129,1567,0
130,6552,1
131,954,1
132,111,0
133,7036,0
134,1995,0
135,7095,1
136,10180,0
137,6872,0
138,4805,0
139,355,0
140,8097,0
141,9271,0
142,431,1
143,1646,0
144,143,0
145,3436,1
146,150,0
147,9745,1
148,715,1
149,578,1
150,8684,0
151,1186,0
152,9115,0
153,9239,1
154,5461,0
155,5424,0
156,1349,0
157,609,0
158,7569,0
159,1622,0
160,6541,1
161,9873,0
162,305,1
163,6041,1
164,5360,0
165,8445,0
166,7260,0
167,4526,0
168,138,0
169,168,0
170,7888,0
171,4639,0
172,867,1
173,9673,0
174,710,1
175,4749,1
176,4716,1
177,410,0
178,2155,0
179,3289,1
180,7774,1
181,1200,1
182,9057,0
183,2261,1
184,9612,1
185,4987,0
186,3605,0
187,5068,0
188,4474,0
189,5831,0
190,4729,1
191,10060,0
192,6895,0
193,3791,0
194,7910,1
195,4209,1
196,4984,0
197,1773,1
198,2101,1
199,7251,1
200,2887,1
201,875,0
202,8185,1
203,9688,0
204,5342,1
205,6802,0
206,3077,0
207,712,1
208,3026,1
209,2640,1
210,4872,0
211,3334,0
212,2431,0
213,9218,1
214,7417,0
215,3563,0
216,1006,1
217,8940,1
218,7703,1
219,2686,1
220,8159,0
221,37,1
222,65,1
223,1910,1
224,2202,0
225,9717,0
226,2388,0
227,2365,1
228,5072,0
229,4614,1
230,6955,0
231,4094,1
232,3319,0
233,1456,0
234,5381,0
235,4479,0
236,4766,1
237,6076,0
238,8064,0
239,3416,0
240,4892,1
241,9942,0
242,9215,1
243,4506,0
244,9275,1
245,1306,0
246,6828,0
247,8368,0
248,7205,1
249,360,0
250,3386,1
251,3835,0
252,1305,1
253,7963,1
254,2073,0
255,4230,0
256,9012,1
257,2723,0
258,6788,0
259,7945,1
260,4868,0
261,6597,1
262,7323,1
263,6229,1
264,3427,0
265,7727,1
266,4707,0
267,2547,0
268,4523,0
269,9648,1
270,1084,1
271,3327,0
272,5591,1
273,186,1
274,2938,1
275,9912,0
276,6047,1
277,2417,0
278,10533,1
279,1137,0
280,1533,0
281,9233,0
282,43,1
283,8986,1
284,6000,0
285,480,1
286,2457,0
287,5362,1
288,7722,1
289,7940,0
290,6104,0
291,8853,1
292,5813,0
293,4769,0
294,2544,0
295,6379,1
296,5262,1
297,9885,1
298,10081,1
299,1315,1
300,3388,1
301,3473,0
302,2117,0
303,9411,1
304,9379,0
305,4236,1
306,2049,1
307,4786,1
308,1604,1
309,7659,1
310,8152,1
311,5417,1
312,160,1
313,6826,0
314,1815,0
315,3647,0
316,5605,1
317,3526,0
318,3854,0
319,1053,1
320,2411,1
321,6015,1
322,2089,0
323,7745,0
324,6816,0
325,3934,1
326,6547,1
327,3758,0
328,7158,0
329,1584,1
330,2982,0
331,7679,0
332,5286,0
333,3776,0
334,1235,0
335,6294,0
336,1012,0
337,10318,1
338,7134,1
339,5180,0
340,2108,1
341,3639,0
342,6729,1
343,2472,1
344,10235,0
345,190,0
346,4713,0
347,6827,1
348,6108,0
349,1114,0
350,4848,1
351,606,1
352,1573,0
353,8546,1
354,5193,1
355,2936,1
356,5104,0
357,6712,0
358,3055,1
359,74,1
360,7726,0
361,9183,0
362,162,1
363,7288,1
364,8657,0
365,1295,1
366,8207,0
367,4433,0
368,590,0
369,10549,1
370,7749,1
371,405,0
372,10267,0
373,7133,1
374,7584,0
375,6616,0
376,1719,0
377,9761,0
378,5859,1
379,5662,1
380,1736,1
381,9333,0
382,1102,1
383,2790,0
384,6598,0
385,7995,0
386,4452,0
387,159,1
388,511,0
389,7006,0
390,1123,0
391,6073,1
392,7094,1
393,10008,0
394,7573,1
395,679,1
396,6809,1
397,1108,1
398,380,1
399,204,1
400,7075,1
401,2550,1
402,9785,0
403,5036,0
404,3129,1
405,6495,0
406,880,1
407,2360,1
408,7839,1
409,350,0
410,9151,0
411,6650,0
412,7208,0
413,5840,1
414,5997,1
415,2103,0
416,713,0
417,7771,1
418,10255,1
419,3944,0
420,4250,1
421,2833,1
422,3052,1
423,7855,0
424,4152,1
425,4445,0
426,10036,0
427,9727,0
428,2234,1
429,9632,0
430,626,0
431,1644,1
432,4859,0
433,3987,1
434,5884,0
435,4112,0
436,10392,1
437,2962,1
438,21,1
439,8524,0
440,2543,1
441,663,1
442,2748,0
443,3451,1
444,964,0
445,10560,0
446,2428,1
447,4520,0
448,7660,0
449,6583,0
450,10390,1
451,688,1
452,7957,0
453,3356,0
454,1766,1
455,9128,0
456,2340,1
457,9421,1
458,7712,1
459,8200,1
460,8762,1
461,6446,0
462,5194,1
463,960,1
464,779,0
465,3584,1
466,3011,1
467,2769,1
468,1392,0
469,7254,0
470,9084,0
471,9622,1
472,3665,1
473,1609,1
474,6130,1
475,10155,1
476,7826,0
477,8300,1
478,5038,0
479,7582,0
480,9561,1
481,7430,0
482,5045,0
483,10421,1
484,5675,1
485,4687,1
486,4944,0
487,5105,0
488,148,1
489,6371,1
490,8108,1
491,4354,1
492,6077,0
493,4292,1
494,10068,0
495,5821,0
496,1042,0
497,7715,0
498,9703,1
499,2761,1
500,7002,1
501,7313,0
502,9050,1
503,5518,1
504,10556,0
505,1078,1
506,9699,0
507,10445,0
508,8748,0
509,2960,1
510,4317,1
511,939,1
512,8423,1
513,5196,1
514,8151,1
515,7199,0
516,1574,1
517,8566,1
518,7389,1
519,1177,1
520,10282,0
521,10098,0
522,4512,1
523,4055,0
524,8431,0
525,4532,1
526,10450,1
527,5754,0
528,1882,0
529,1563,0
530,4871,0
531,8440,1
532,3253,0
533,8270,0
534,4610,1
535,9619,1
536,8786,1
537,2889,0
538,9781,1
539,5061,1
540,7059,0
541,2064,0
542,1587,0
543,1934,0
544,5516,1
545,9853,1
546,7867,1
547,1556,0
548,5495,1
549,4274,1
550,8177,1
551,9491,0
552,9813,1
553,2205,1
554,2710,1
555,2992,1
556,7998,1
557,6428,0
558,6638,1
559,3035,0
560,1578,1
561,1324,0
562,2316,0
563,9326,1
564,7359,0
565,7741,0
566,5143,1
567,8196,0
568,630,1
569,8481,0
570,8497,1
571,5409,0
572,5749,0
573,8219,0
574,9571,0
575,4886,0
576,5367,1
577,1185,1
578,8291,1
579,1590,1
580,7698,1
581,51,0
582,8784,1
583,3928,1
584,5987,1
585,7008,0
586,7482,0
587,9374,1
588,1296,0
589,10289,0
590,2986,1
591,4651,1
592,8594,0
593,7469,0
594,2871,1
595,1903,0
596,8571,0
597,4832,0
598,1242,0
599,7115,1
600,3599,1
601,2065,1
602,4529,1
603,763,0
604,6698,0
605,2002,0
606,2020,0
607,5229,1
608,8243,1
609,6936,0
610,9360,0
611,4360,1
612,7951,1
613,6701,0
614,7574,0
615,2426,1
616,1681,0
617,7135,1
618,3688,1
619,3872,1
620,558,1
621,2228,0
622,8170,1
623,7171,0
624,7756,1
625,3609,1
626,3985,1
627,1139,1
628,3453,0
629,7583,1
630,9788,0
631,10175,0
632,6059,1
633,104,1
634,10168,1
635,8902,0
636,5343,0
637,4239,1
638,6767,1
639,6269,1
640,6682,1
641,9558,1
642,2416,1
643,6592,1
644,6196,1
645,2751,0
646,3412,0
647,8302,0
648,1120,0
649,8005,1
650,6637,0
651,6440,1
652,6679,0
653,8039,0
654,5357,0
655,8844,0
656,2964,1
657,6040,1
658,7259,0
659,8974,0
660,7439,1
661,1045,1
662,7706,1
663,9724,1
664,3698,1
665,7339,0
666,1749,1
667,7257,1
668,2963,0
669,7775,1
670,10501,1
671,4258,0
672,7908,0
673,722,1
674,6519,0
675,6916,0
676,4456,0
677,2731,1
678,917,0
679,4107,0
680,7894,0
681,2540,1
682,8455,0
683,10406,0
684,8909,1
685,5489,1
686,306,0
687,3894,1
688,2735,1
689,4939,0
690,1551,0
691,777,0
692,2160,0
693,8599,0
694,2727,1
695,6362,1
696,1417,0
697,10343,1
698,4866,0
699,2682,1
700,9856,1
701,4498,1
702,7450,1
703,6899,1
704,5649,0
705,6086,1
706,1618,1
707,9926,1
708,2847,1
709,8099,0
710,5724,0
711,3358,1
712,8136,1
713,955,1
714,8819,1
715,5832,0
716,10413,0
717,6548,1
718,8407,0
719,10090,1
720,8564,1
721,808,0
722,5303,1
723,8913,0
724,9425,0
725,9543,0
726,1219,0
727,9575,0
728,4019,0
729,6223,0
730,9588,1
731,4739,0
732,10492,0
733,2017,0
734,5524,0
735,7449,0
736,5734,1
737,5456,1
738,797,0
739,5525,1
740,8265,1
741,1981,0
742,8977,0
743,6241,0
744,6021,0
745,7720,1
746,8632,1
747,6705,1
748,2476,0
749,3510,0
750,8887,0
751,10115,1
752,9061,1
753,5570,0
754,2763,0
755,1437,0
756,3448,1
757,3529,1
758,3156,1
759,4604,0
760,6776,0
761,10227,1
762,1545,0
763,10487,1
764,993,1
765,1161,0
766,7975,0
767,1591,1
768,7804,0
769,5048,1
770,10454,0
771,3567,1
772,5886,0
773,9937,0
774,3931,0
775,9706,0
776,10193,0
777,5569,0
778,9747,1
779,2217,0
780,5936,1
781,3885,0
782,1086,1
783,1799,0
784,9763,0
785,3299,1
786,8268,0
787,473,1
788,337,0
789,9381,0
790,6426,1
791,1210,1
792,4986,0
793,8285,0
794,2024,0
795,245,0
796,4807,1
797,2208,0
798,9835,1
799,8963,0
800,9946,1
801,5230,1
802,2788,1
803,674,0
804,1629,0
805,2300,1
806,169,0
807,3575,0
808,6910,0
809,1479,1
810,10498,0
811,8062,0
812,9672,1
813,9467,1
814,6763,0
815,8508,1
816,1034,0
817,3756,1
818,9263,0
819,8141,0
820,532,1
821,7022,1
822,4024,1
823,3298,1
824,5641,1
825,10455,1
826,5206,0
827,7005,1
828,8971,1
829,8358,0
830,257,1
831,78,0
832,6333,0
833,7969,1
834,2505,0
835,2004,0
836,3748,0
837,5668,0
838,365,1
839,9651,0
840,2324,1
841,3902,1
842,9294,1
843,5377,1
844,2817,0
845,7670,1
846,4755,0
847,255,0
848,2714,0
849,2922,1
850,5517,0
851,5157,0
852,64,1
853,5300,1
854,451,1
855,3941,0
856,326,1
857,3757,1
858,8798,0
859,2315,0
860,6755,0
861,2916,0
862,7406,0
863,3703,0
864,5403,1
865,622,1
866,9,1
867,5848,1
868,8670,1
869,1156,1
870,10179,1
871,2028,0
872,3924,0
873,620,1
874,1963,0
875,4537,1
876,8970,1
877,3024,0
878,6140,0
879,1866,1
880,4442,0
881,2312,1
882,6749,1
883,459,0
884,1516,0
885,8817,1
886,4912,1
887,2076,1
888,10023,0
889,7684,1
890,3531,1
891,6209,0
892,10508,0
893,8678,0
894,3541,1
895,1208,0
896,4090,0
897,1097,1
898,5099,0
899,2816,0
900,4291,1
901,1409,0
902,6401,1
903,4617,0
904,6111,1
905,6172,0
906,10357,1
907,8465,0
908,3867,1
909,9495,0
910,4348,0
911,7879,0
912,9273,0
913,3252,1
914,9167,0
915,2573,1
916,7395,0
917,9046,1
918,1526,1
919,9339,1
920,10301,0
921,7588,0
922,1104,1
923,1310,1
924,6631,1
925,10475,1
926,9090,0
927,1528,0
928,1657,0
929,1175,1
930,1895,1
931,3864,1
932,4700,1
933,3572,0
934,10507,1
935,269,0
936,5744,0
937,1687,1
938,3020,1
939,4974,0
940,5119,0
941,1916,0
942,6687,0
943,2197,0
944,8641,1
945,10073,0
946,1967,1
947,4999,0
948,9816,1
949,734,0
950,9665,1
951,5092,0
952,2591,0
953,9877,0
954,4601,0
955,7734,1
956,7185,0
957,6405,0
958,7003,0
959,928,1
960,6490,0
961,1586,1
962,10139,0
963,1192,0
964,10526,1
965,5544,0
966,8779,1
967,4497,0
968,3059,0
969,2181,1
970,2303,1
971,1190,0
972,1468,1
973,8771,1
974,8997,0
975,6365,0
976,10355,1
977,3478,0
978,3764,1
979,3542,1
980,4941,1
981,1840,0
982,463,1
983,7407,1
984,7711,0
985,6044,1
986,3750,0
987,10114,1
988,1332,0
989,425,0
990,3479,0
991,1979,0
992,2994,0
993,207,0
994,5820,0
995,9187,1
996,5423,0
997,2743,1
998,2902,0
999,9126,0
1000,7903,0
1001,4100,0
1002,3578,0
1003,6061,1
1004,5081,1
1005,4575,1
1006,6695,0
1007,5960,1
1008,10186,1
1009,6795,0
1010,10022,1
1011,5841,0
1012,7481,1
1013,9331,1
1014,400,0
1015,6907,1
1016,10393,0
1017,3709,0
1018,4726,0
1019,3007,1
1020,4723,1
1021,597,1
1022,1810,0
1023,4131,0
1024,4697,0
1025,8838,0
1026,5956,1
1027,4196,0
1028,63,0
1029,1714,1
1030,904,0
1031,9715,0
1032,4,1
1033,5462,0
1034,259,1
1035,5418,1
1036,6849,1
1037,9893,1
1038,10003,0
1039,4976,1
1040,7611,0
1041,900,1
1042,3746,0
1043,3893,1
1044,2966,1
1045,9667,0
1046,9734,1
1047,8123,0
1048,8470,0
1049,4058,1
1050,4623,0
1051,3782,1
1052,7966,0
1053,6003,0
1054,2168,0
1055,422,1
1056,6381,0
1057,1136,0
1058,3443,0
1059,2214,0
1060,9973,0
1061,1593,0
1062,5474,0
1063,812,0
1064,4703,1
1065,4294,0
1066,10021,1
1067,395,1
1068,3237,0
1069,9099,1
1070,2401,1
1071,10371,1
1072,3420,0
1073,3460,0
1074,9088,0
1075,5995,0
1076,3084,0
1077,3595,1
1078,9524,0
1079,167,0
1080,9743,0
1081,6109,0
1082,433,1
1083,6292,1
1084,8125,1
1085,4035,0
1086,2929,0
1087,8810,0
1088,4403,1
1089,3925,0
1090,1290,0
1091,3689,0
1092,6709,1
1093,8021,0
1094,6237,0
1095,1453,1
1096,7340,1
1097,6078,0
1098,2369,1
1099,1781,1
1100,3830,0
1101,7625,1
1102,8150,0
1103,1680,0
1104,7077,1
1105,3360,0
1106,7927,0
1107,244,1
1108,8107,0
1109,820,0
1110,5915,0
1111,924,1
1112,9207,0
1113,4077,0
1114,6052,0
1115,508,1
1116,8105,1
1117,4405,1
1118,7558,1
1119,6094,0
1120,484,0
1121,8927,1
1122,310,1
1123,8075,0
1124,1094,1
1125,3211,1
1126,1700,0
1127,4816,0
1128,9354,0
1129,8845,0
1130,7530,0
1131,1520,1
1132,1087,0
1133,5786,0
1134,6847,0
1135,999,0
1136,5308,0
1137,6569,0
1138,10200,1
1139,5868,0
1140,1757,1
1141,4625,0
1142,2955,0
1143,6187,0
1144,9931,0
1145,4883,0
1146,2488,0
1147,156,0
1148,2820,0
1149,1311,0
1150,1517,0
1151,3640,1
1152,5763,1
1153,6689,0
1154,1193,0
1155,8217,0
1156,10327,0
1157,5042,0
1158,6903,1
1159,2068,0
1160,7614,1
1161,8842,1
1162,2445,0
1163,10276,1
1164,4931,1
1165,6842,0
1166,5927,1
1167,6207,1
1168,4539,1
1169,8721,1
1170,3618,1
1171,2580,1
1172,5321,0
1173,3181,1
1174,4742,1
1175,3340,0
1176,8310,0
1177,3948,0
1178,2126,0
1179,10436,1
1180,9635,0
1181,9022,1
1182,8576,1
1183,2522,1
1184,7341,0
1185,7377,0
1186,7636,1
1187,2536,0
1188,2706,1
1189,4814,1
1190,6032,1
1191,2630,0
1192,1857,1
1193,5412,0
1194,1957,1
1195,9805,1
1196,9256,1
1197,1055,0
1198,8439,0
1199,317,1
1200,6126,1
1201,9970,1
1202,6008,1
1203,2811,1
1204,10214,1
1205,10337,1
1206,6563,1
1207,5611,0
1208,6358,0
1209,8446,1
1210,974,1
1211,4839,1
1212,4806,0
1213,4597,0
1214,4649,1
1215,7744,0
1216,5826,0
1217,6118,1
1218,6785,1
1219,301,0
1220,3192,0
1221,9854,0
1222,9227,0
1223,4768,1
1224,2961,1
1225,4564,1
1226,2484,0
1227,1606,1
1228,2864,1
1229,2884,1
1230,2753,1
1231,4366,0
1232,2470,1
1233,6369,1
1234,2754,1
1235,2501,1
1236,8890,1
1237,2093,0
1238,4937,0
1239,2850,0
1240,3706,1
1241,6645,0
1242,5799,1
1243,4229,0
1244,4900,1
1245,7883,1
1246,4629,0
1247,6459,0
1248,10381,0
1249,220,0
1250,761,1
1251,4264,0
1252,6633,0
1253,1424,0
1254,7017,1
1255,6901,1
1256,7126,1
1257,881,0
1258,6382,1
1259,7502,0
1260,1911,0
1261,3076,1
1262,9281,1
1263,1534,1
1264,8378,1
1265,4717,0
1266,7012,0
1267,9028,0
1268,5407,0
1269,274,0
1270,9465,0
1271,5164,1
1272,937,1
1273,5264,0
1274,8051,0
1275,10304,1
1276,2403,1
1277,1697,0
1278,8142,1
1279,3734,1
1280,8487,1
1281,5123,0
1282,8726,1
1283,2336,0
1284,7376,1
1285,2793,0
1286,1998,1
1287,319,0
1288,6783,1
1289,6911,0
1290,3078,0
1291,3310,0
1292,4790,0
1293,2712,1
1294,2968,0
1295,7777,0
1296,10442,1
1297,1654,1
1298,10438,1
1299,4509,1
1300,3963,1
1301,5043,1
1302,5421,0
1303,6465,1
1304,8034,0
1305,806,0
1306,1090,1
1307,1566,0
1308,10187,0
1309,2634,0
1310,569,0
1311,135,1
1312,3732,0
1313,6247,0
1314,10466,1
1315,8429,1
1316,6725,1
1317,6128,1
1318,8496,1
1319,2433,0
1320,5552,0
1321,7122,0
1322,376,1
1323,796,1
1324,6121,1
1325,8960,0
1326,5686,1
1327,2213,0
1328,6602,0
1329,3357,0
1330,1997,1
1331,691,0
1332,4370,0
1333,9660,0
1334,7189,1
1335,6660,1
1336,2074,0
1337,5375,0
1338,1816,1
1339,9802,0
1340,7654,0
1341,3784,0
1342,9604,0
1343,6397,0
1344,7125,0
1345,1460,0
1346,5718,0
1347,5452,0
1348,7064,0
1349,8272,0
1350,3620,0
1351,2772,1
1352,5150,1
1353,125,1
1354,1005,1
1355,616,0
1356,9056,1
1357,3972,1
1358,746,1
1359,10286,0
1360,723,0
1361,1283,0
1362,8009,0
1363,8509,1
1364,8220,0
1365,7393,0
1366,8499,1
1367,3789,1
1368,9658,0
1369,8171,1
1370,1985,0
1371,733,1
1372,6706,1
1373,6282,1
1374,7243,1
1375,3995,0
1376,4375,0
1377,1647,0
1378,9306,0
1379,9272,1
1380,9464,1
1381,5340,1
1382,5475,0
1383,4911,0
1384,9315,0
1385,811,1
1386,6395,0
1387,3229,1
1388,2250,0
1389,8433,0
1390,10428,1
1391,10461,1
1392,8408,0
1393,3945,0
1394,863,0
1395,4683,1
1396,1162,0
1397,9132,0
1398,1076,1
1399,7236,1
1400,3218,0
1401,6866,1
1402,4997,0
1403,9121,1
1404,8696,1
1405,3313,1
1406,1421,1
1407,80,0
1408,8163,0
1409,4583,0
1410,4053,1
1411,8693,1
1412,4139,1
1413,6976,1
1414,3549,1
1415,5534,1
1416,1638,0
1417,6375,0
1418,1008,0
1419,9120,0
1420,8071,0
1421,3266,0
1422,10482,0
1423,5288,1
1424,6302,0
1425,2183,1
1426,9199,1
1427,5441,1
1428,4418,1
1429,7287,0
1430,1532,0
1431,2978,1
1432,1230,1
1433,6423,0
1434,9643,1
1435,5142,1
1436,9368,0
1437,6132,0
1438,9031,1
1439,4767,0
1440,844,1
1441,10296,1
1442,9045,0
1443,10469,1
1444,9223,0
1445,9340,1
1446,1226,1
1447,686,0
1448,4037,0
1449,7620,1
1450,9322,0
1451,2943,1
1452,6549,1
1453,8124,1
1454,1803,0
1455,8025,1
1456,368,1
1457,3660,0
1458,4943,1
1459,9143,1
1460,958,0
1461,4272,0
1462,200,1
1463,7314,0
1464,7827,1
1465,252,1
1466,2242,0
1467,2804,1
1468,8802,1
1469,7645,0
1470,7228,0
1471,9200,1
1472,4738,0
1473,4513,0
1474,7999,1
1475,3938,1
1476,8127,0
1477,9265,1
1478,7353,0
1479,4772,0
1480,4461,1
1481,1335,1
1482,9018,0
1483,10460,0
1484,7956,1
1485,1238,1
1486,2552,0
1487,6517,0
1488,5925,0
1489,7413,1
1490,3728,1
1491,1103,0
1492,3704,0
1493,8413,0
1494,4533,0
1495,5449,0
1496,7306,1
1497,1401,0
1498,7365,0
1499,8363,1
1500,3656,0
1501,5683,0
1502,1940,0
1503,8674,1
1504,6745,1
1505,4431,0
1506,2263,0
1507,7506,0
1508,4059,0
1509,4588,1
1510,8692,0
1511,7258,0
1512,5448,0
1513,8865,1
1514,1119,1
1515,7642,0
1516,9981,0
1517,181,0
1518,7528,0
1519,9086,0
1520,4963,1
1521,5292,1
1522,1254,0
1523,2125,0
1524,5601,0
1525,2758,0
1526,1922,1
1527,5440,1
1528,3001,0
1529,4011,0
1530,8604,0
1531,2779,1
1532,1568,1
1533,10123,1
1534,9053,0
1535,8028,0
1536,82,0
1537,2845,0
1538,10221,0
1539,8598,0
1540,5011,0
1541,7401,1
1542,8687,1
1543,8767,0
1544,10046,1
1545,1920,0
1546,4364,0
1547,9395,0
1548,3602,1
1549,9038,1
1550,7786,1
1551,5106,0
1552,9337,1
1553,1575,1
1554,10291,0
1555,2965,0
1556,1478,1
1557,3625,1
1558,7329,0
1559,4116,0
1560,9136,1
1561,6870,0
1562,4073,0
1563,7863,1
1564,7437,1
1565,278,0
1566,1977,1
1567,8570,0
1568,6800,1
1569,8964,1
1570,7534,0
1571,6539,0
1572,645,0
1573,8223,1
1574,610,1
1575,1512,0
1576,8340,0
1577,4524,1
1578,7465,1
1579,6313,1
1580,1873,1
1581,1015,0
1582,444,1
1583,4967,0
1584,8988,0
1585,3199,0
1586,8020,0
1587,6103,1
1588,362,1
1589,7325,0
1590,5730,1
1591,10448,0
1592,1452,1
1593,6669,0
1594,7892,0
1595,7859,0
1596,5866,0
1597,2970,0
1598,9609,1
1599,893,1
1600,4176,0
1601,4280,1
1602,3970,1
1603,4516,1
1604,7503,0
1605,7955,0
1606,9852,0
1607,8380,0
1608,9284,0
1609,10386,1
1610,4004,0
1611,5328,1
1612,9274,0
1613,4646,0
1614,396,0
1615,5513,1
1616,4117,1
1617,3751,1
1618,9767,0
1619,1071,0
1620,7812,0
1621,5059,1
1622,2667,1
1623,9304,1
1624,10385,1
1625,7930,1
1626,5225,1
1627,9839,1
1628,2831,1
1629,2387,1
1630,3433,0
1631,5101,0
1632,6357,0
1633,5476,1
1634,3807,0
1635,10232,1
1636,1508,0
1637,6993,0
1638,5505,1
1639,6009,1
1640,5301,0
1641,6766,1
1642,2248,0
1643,8572,1
1644,852,1
1645,7871,0
1646,6926,0
1647,10220,0
1648,9007,0
1649,6990,0
1650,2012,0
1651,5645,1
1652,9091,0
1653,3797,1
1654,7201,1
1655,672,0
1656,1257,0
1657,2010,1
1658,8222,0
1659,9636,0
1660,2746,0
1661,2919,0
1662,5231,1
1663,5625,1
1664,10254,0
1665,2651,1
1666,1740,0
1667,3212,0
1668,10502,1
1669,7139,0
1670,7210,1
1671,10049,0
1672,1621,1
1673,2301,1
1674,5798,0
1675,3812,0
1676,6190,0
1677,5503,1
1678,9972,1
1679,5646,1
1680,2003,0
1681,1069,0
1682,9656,0
1683,279,1
1684,4328,0
1685,7105,1
1686,1643,1
1687,3108,1
1688,3106,1
1689,1626,1
1690,9838,1
1691,6994,1
1692,3463,1
1693,781,1
1694,4337,1
1695,1639,1
1696,416,1
1697,7687,0
1698,9610,1
1699,2519,0
1700,10210,1
1701,8633,0
1702,1276,0
1703,4764,0
1704,7674,1
1705,6550,0
1706,3853,0
1707,341,1
1708,6258,1
1709,1884,1
1710,2855,1
1711,2196,1
1712,5326,0
1713,6380,1
1714,5580,1
1715,4563,1
1716,10414,0
1717,3226,0
1718,3175,0
1719,9457,0
1720,1705,1
1721,5910,1
1722,375,0
1723,10333,1
1724,3852,0
1725,1971,1
1726,8720,0
1727,1860,1
1728,10349,0
1729,4605,1
1730,7358,0
1731,8258,1
1732,5678,1
1733,694,0
1734,8482,1
1735,1924,0
1736,3716,0
1737,3282,1
1738,5746,1
1739,1518,1
1740,8741,1
1741,7630,1
1742,8276,1
1743,6939,1
1744,1435,0
1745,8157,1
1746,1041,1
1747,4478,0
1748,8307,1
1749,2094,0
1750,5916,0
1751,9848,0
1752,4803,0
1753,2147,1
1754,295,0
1755,861,1
1756,3822,1
1757,5609,0
1758,9450,1
1759,4122,1
1760,10558,1
1761,4285,1
1762,6184,0
1763,7295,1
1764,1926,0
1765,5026,1
1766,7952,0
1767,4194,1
1768,639,0
1769,2130,1
1770,3119,1
1771,3251,1
1772,5803,1
1773,9553,1
1774,5937,0
1775,2133,1
1776,693,1
1777,5944,0
1778,2227,0
1779,9915,1
1780,4044,0
1781,6033,1
1782,3270,0
1783,7050,0
1784,6185,0
1785,7984,0
1786,2109,0
1787,2244,1
1788,2481,1
1789,4332,0
1790,6016,0
1791,10162,0
1792,2453,0
1793,6228,1
1794,6166,1
1795,1411,0
1796,254,0
1797,7479,1
1798,1476,1
1799,7801,0
1800,4988,1
1801,4694,0
1802,10194,0
1803,2574,0
1804,8334,1
1805,419,1
1806,8643,0
1807,2548,1
1808,4615,0
1809,8772,0
1810,10463,0
1811,6756,1
1812,1503,0
1813,4095,1
1814,1723,0
1815,8829,1
1816,10085,1
1817,4796,1
1818,9756,1
1819,2158,1
1820,7273,1
1821,3056,1
1822,656,0
1823,3074,1
1824,4661,0
1825,3958,0
1826,4311,1
1827,8375,0
1828,7442,1
1829,3839,1
1830,6179,1
1831,3786,1
1832,8520,0
1833,3664,1
1834,2014,0
1835,8298,0
1836,4220,1
1837,10127,0
1838,6182,0
1839,3206,0
1840,8503,0
1841,5682,0
1842,5699,1
1843,6215,0
1844,1394,1
1845,9582,0
1846,10070,0
1847,4940,0
1848,4193,1
1849,3400,0
1850,4785,1
1851,7460,0
1852,5838,1
1853,2503,1
1854,2730,0
1855,7156,1
1856,5511,0
1857,438,0
1858,2233,0
1859,2016,1
1860,139,0
1861,384,1
1862,2313,1
1863,5145,0
1864,7864,1
1865,1195,0
1866,5365,1
1867,6977,1
1868,10001,1
1869,567,1
1870,9950,0
1871,157,1
1872,6553,0
1873,7337,1
1874,349,1
1875,4874,0
1876,10313,0
1877,8421,1
1878,9469,1
1879,9314,0
1880,3663,1
1881,7216,1
1882,8871,1
1883,5743,0
1884,2072,0
1885,2654,1
1886,5908,1
1887,9863,1
1888,457,1
1889,6965,1
1890,3030,1
1891,7765,1
1892,748,1
1893,6304,1
1894,9606,1
1895,10351,1
1896,406,0
1897,8120,1
1898,8486,0
1899,6998,0
1900,77,0
1901,841,1
1902,7709,1
1903,7404,0
1904,5606,0
1905,965,0
1906,3163,1
1907,10192,1
1908,6163,1
1909,9865,1
1910,9518,1
1911,1267,1
1912,2051,0
1913,2046,1
1914,1464,0
1915,2153,1
1916,6612,0
1917,4971,0
1918,866,1
1919,4124,1
1920,5086,0
1921,4351,1
1922,8101,1
1923,7912,0
1924,2504,1
1925,2837,1
1926,2034,0
1927,4844,0
1928,7780,1
1929,5901,1
1930,3296,1
1931,7299,0
1932,8574,0
1933,7472,0
1934,2276,1
1935,5980,1
1936,3184,1
1937,4359,0
1938,1064,0
1939,9039,1
1940,6376,1
1941,1706,0
1942,7970,1
1943,3540,0
1944,1407,1
1945,4561,1
1946,6691,0
1947,7172,1
1948,1923,1
1949,4407,0
1950,6777,1
1951,2600,0
1952,1936,1
1953,9778,1
1954,2766,0
1955,6668,0
1956,9013,0
1957,4319,1
1958,3263,0
1959,1612,0
1960,5132,1
1961,216,0
1962,7232,1
1963,9373,1
1964,5030,0
1965,10107,0
1966,8309,0
1967,8449,0
1968,6961,1
1969,4954,1
1970,7344,0
1971,8146,0
1972,1132,0
1973,6145,0
1974,1353,0
1975,3624,0
1976,5058,0
1977,9789,0
1978,7290,1
1979,8583,0
1980,1088,0
1981,9210,0
1982,8240,1
1983,3326,1
1984,6315,0
1985,8410,0
1986,4535,1
1987,5991,0
1988,1874,1
1989,1898,1
1990,3557,0
1991,8587,0
1992,4190,1
1993,7261,0
1994,6854,0
1995,9375,0
1996,6317,0
1997,7713,0
1998,7058,0
1999,7628,1
2000,3513,1
2001,7953,0
2002,3445,1
2003,8461,0
2004,2834,1
2005,3414,0
2006,9262,0
2007,9235,1
2008,3146,1
2009,3379,1
2010,1701,0
2011,5527,1
2012,8031,0
2013,4032,0
2014,9782,0
2015,7656,0
2016,2985,0
2017,9334,0
2018,3343,1
2019,4760,1
2020,10311,0
2021,2609,0
2022,5117,1
2023,6724,0
2024,671,0
2025,798,1
2026,2341,1
2027,4262,0
2028,1950,0
2029,799,0
2030,2575,0
2031,660,0
2032,6432,0
2033,3168,0
2034,7435,0
2035,4010,0
2036,2882,0
2037,5930,0
2038,7716,1
2039,4054,1
2040,3148,1
2041,670,1
2042,3519,1
2043,5770,1
2044,8876,0
2045,8357,0
2046,1620,0
2047,8558,0
2048,6786,0
2049,3825,1
2050,5857,1
2051,7685,0
2052,3947,1
2053,6449,1
2054,8636,1
2055,6046,0
2056,3205,1
2057,9435,0
2058,6865,1
2059,281,0
2060,6922,1
2061,3536,1
2062,4555,1
2063,5364,0
2064,2483,0
2065,3524,0
2066,3117,1
2067,1152,1
2068,3912,1
2069,1297,0
2070,2896,1
2071,5804,0
2072,5722,0
2073,189,1
2074,2376,1
2075,4635,1
2076,4801,0
2077,5972,1
2078,2461,1
2079,1168,1
2080,5136,0
2081,7806,0
2082,2559,0
2083,2139,1
2084,10562,1
2085,1497,0
2086,4757,0
2087,1354,1
2088,5896,0
2089,6453,1
2090,1426,1
2091,4271,1
2092,7673,0
2093,7782,1
2094,8181,0
2095,1797,1
2096,8615,0
2097,3097,0
2098,5306,0
2099,9633,1
2100,8700,1
2101,9876,0
2102,8045,1
2103,7750,1
2104,6370,0
2105,7093,0
2106,8018,1
2107,1118,1
2108,4849,0
2109,9627,1
2110,829,1
2111,4164,0
2112,1707,0
2113,6752,1
2114,6236,1
2115,4052,1
2116,5283,1
2117,2856,0
2118,4630,1
2119,9563,0
2120,6576,0
2121,5721,1
2122,4305,0
2123,8972,1
2124,1694,0
2125,3582,0
2126,3913,1
2127,470,0
2128,4195,1
2129,3422,1
2130,9744,1
2131,4206,1
2132,7971,0
2133,141,0
2134,1994,0
2135,1602,0
2136,1031,1
2137,9150,0
2138,8528,1
2139,7545,1
2140,7448,1
2141,1821,1
2142,10075,1
2143,5242,1
2144,822,1
2145,4826,1
2146,910,1
2147,10147,0
2148,2018,0
2149,8916,1
2150,4880,0
2151,184,1
2152,6081,0
2153,4281,1
2154,7418,0
2155,6054,1
2156,7972,0
2157,4894,0
2158,5313,0
2159,5046,1
2160,7183,0
2161,5347,1
2162,5051,0
2163,495,0
2164,5985,0
2165,1227,0
2166,7594,0
2167,6178,1
2168,9344,0
2169,3681,0
2170,2805,0
2171,8237,1
2172,5139,0
2173,2347,1
2174,1978,1
2175,7824,1
2176,873,0
2177,2569,1
2178,4704,0
2179,6974,1
2180,4454,1
2181,35,1
2182,8231,1
2183,9280,1
2184,6567,1
2185,2088,0
2186,925,0
2187,9958,1
2188,5234,1
2189,7623,0
2190,6074,1
2191,8115,1
2192,10462,0
2193,5008,1
2194,1256,1
2195,5001,0
2196,6885,1
2197,7509,0
2198,6251,0
2199,7250,0
2200,9502,0
2201,267,1
2202,4109,0
2203,819,1
2204,9397,0
2205,3707,1
2206,870,0
2207,10203,1
2208,9241,0
2209,5215,1
2210,982,0
2211,3878,1
2212,1847,1
2213,10457,0
2214,7811,1
2215,6205,1
2216,8311,1
2217,7657,1
2218,8174,0
2219,2119,1
2220,7893,0
2221,7754,0
2222,3684,0
2223,3585,1
2224,300,1
2225,9176,0
2226,5879,0
2227,1457,0
2228,5040,0
2229,1862,0
2230,9749,0
2231,161,0
2232,6134,0
2233,4995,1
2234,54,1
2235,5125,1
2236,2032,1
2237,8210,1
2238,3816,1
2239,1769,0
2240,6156,1
2241,8667,0
2242,2974,1
2243,3417,1
2244,2835,0
2245,1668,0
2246,10028,1
2247,5619,0
2248,3169,0
2249,9153,1
2250,8746,0
2251,8049,0
2252,10564,0
2253,8691,1
2254,2765,0
2255,52,1
2256,2663,0
2257,3014,0
2258,9453,0
2259,8078,1
2260,2356,1
2261,7595,0
2262,2195,0
2263,7633,0
2264,1259,1
2265,5214,0
2266,531,0
2267,2398,0
2268,5458,0
2269,2794,0
2270,153,1
2271,256,0
2272,8787,1
2273,4496,0
2274,9649,1
2275,461,1
2276,502,1
2277,529,1
2278,5529,0
2279,9391,0
2280,1032,0
2281,9896,1
2282,5557,0
2283,1836,1
2284,3476,1
2285,7104,1
2286,5480,0
2287,1717,0
2288,1333,0
2289,1806,1
2290,8297,1
2291,2806,1
2292,3407,1
2293,10518,1
2294,6043,1
2295,8857,0
2296,8456,1
2297,427,1
2298,4028,1
2299,1988,1
2300,7354,1
2301,2393,0
2302,452,0
2303,5445,0
2304,7637,0
2305,5486,0
2306,4175,0
2307,6068,1
2308,8968,1
2309,9384,0
2310,7470,0
2311,9319,0
2312,5817,0
2313,10294,0
2314,1313,1
2315,10181,1
2316,5269,1
2317,127,1
2318,989,0
2319,10234,0
2320,4799,0
2321,3834,1
2322,9206,1
2323,4753,1
2324,4437,1
2325,3520,0
2326,10124,1
2327,1318,1
2328,2055,0
2329,690,0
2330,1294,1
2331,6522,0
2332,4453,1
2333,624,1
2334,2863,0
2335,4922,1
2336,4120,1
2337,8164,1
2338,2317,1
2339,6058,1
2340,1428,0
2341,3577,0
2342,5811,0
2343,1430,0
2344,4488,1
2345,9634,0
2346,4482,0
2347,4580,0
2348,2571,1
2349,10499,0
2350,3932,1
2351,377,0
2352,5851,1
2353,6384,0
2354,6470,1
2355,8505,1
2356,4268,0
2357,10397,1
2358,4309,1
2359,1949,0
2360,2097,1
2361,9709,1
2362,4936,0
2363,4033,1
2364,3828,0
2365,8862,1
2366,374,0
2367,401,0
2368,10015,0
2369,7613,1
2370,4397,0
2371,2329,0
2372,4733,0
2373,1552,0
2374,2486,0
2375,940,1
2376,7118,0
2377,8060,0
2378,1550,1
2379,6202,1
2380,8980,0
2381,8162,0
2382,10066,1
2383,7981,0
2384,7336,0
2385,6277,0
2386,1670,0
2387,6007,1
2388,7832,0
2389,2612,1
2390,8320,0
2391,1779,0
2392,6107,1
2393,2537,0
2394,2726,0
2395,8717,0
2396,2201,1
2397,6276,1
2398,3293,1
2399,7907,0
2400,7321,1
2401,840,1
2402,1081,1
2403,8289,0
2404,343,0
2405,8184,1
2406,7166,0
2407,8805,0
2408,9407,1
2409,5573,1
2410,9330,0
2411,2215,0
2412,4105,1
2413,7699,1
2414,5850,1
2415,10228,0
2416,638,0
2417,5633,1
2418,5919,1
2419,4573,1
2420,7164,0
2421,5093,0
2422,9815,0
2423,8411,0
2424,8955,0
2425,9556,1
2426,7349,1
2427,8436,0
2428,2631,0
2429,2739,0
2430,3930,1
2431,6833,0
2432,9186,0
2433,3150,1
2434,8328,0
2435,4006,0
2436,3065,1
2437,3305,1
2438,2506,1
2439,9737,0
2440,5178,1
2441,9452,0
2442,10111,0
2443,1652,1
2444,10134,0
2445,7247,1
2446,4363,0
2447,1712,0
2448,4232,1
2449,5626,1
2450,3049,0
2451,5397,1
2452,8637,1
2453,8785,1
2454,4438,0
2455,1410,1
2456,6902,1
2457,187,1
2458,3883,0
2459,3988,0
2460,5620,0
2461,2904,1
2462,3926,1
2463,9020,1
2464,2947,1
2465,2364,0
2466,5291,0
2467,7078,1
2468,4477,1
2469,4333,0
2470,9247,1
2471,6957,1
2472,7281,0
2473,4012,0
2474,975,0
2475,8037,0
2476,10408,0
2477,2900,0
2478,6457,0
2479,9292,1
2480,2115,1
2481,9001,0
2482,8981,1
2483,6085,1
2484,49,1
2485,210,1
2486,1607,0
2487,5256,1
2488,3170,0
2489,147,0
2490,7627,0
2491,83,1
2492,3686,1
2493,5133,0
2494,935,1
2495,2875,1
2496,7277,1
2497,55,0
2498,1253,0
2499,3406,0
2500,2474,0
2501,8451,1
2502,7301,0
2503,8466,1
2504,7499,0
2505,4926,0
2506,9033,0
2507,3999,1
2508,1017,1
2509,947,0
2510,7798,1
2511,6280,1
2512,6393,0
2513,8056,1
2514,9003,1
2515,4481,1
2516,5134,0
2517,4804,1
2518,34,1
2519,5659,0
2520,4519,1
2521,6272,0
2522,765,1
2523,3752,0
2524,1753,0
2525,2123,1
2526,1802,1
2527,7678,0
2528,4547,1
2529,3793,1
2530,7453,1
2531,5330,0
2532,4093,0
2533,2362,0
2534,7116,1
2535,3135,0
2536,10536,1
2537,8484,1
2538,9002,1
2539,10204,1
2540,7570,1
2541,1275,0
2542,3630,1
2543,9096,1
2544,3475,1
2545,4818,0
2546,2019,1
2547,10402,1
2548,643,0
2549,9927,1
2550,2827,1
2551,288,0
2552,7886,0
2553,6584,0
2554,5554,0
2555,6329,0
2556,1233,1
2557,2541,1
2558,1150,1
2559,8459,0
2560,1814,1
2561,5564,0
2562,4306,0
2563,2144,1
2564,9792,1
2565,4634,1
2566,10084,1
2567,9847,1
2568,8510,0
2569,8921,0
2570,2509,0
2571,2111,0
2572,7505,0
2573,556,0
2574,9596,0
2575,1863,1
2576,8172,1
2577,8404,0
2578,3607,1
2579,7802,0
2580,3503,1
2581,5624,1
2582,331,0
2583,542,0
2584,9705,1
2585,3592,1
2586,5018,0
2587,5800,0
2588,8651,1
2589,7600,1
2590,9509,1
2591,5431,1
2592,7454,1
2593,8106,1
2594,3137,0
2595,702,0
2596,6287,0
2597,5657,1
2598,8027,1
2599,5350,1
2600,30,0
2601,2677,0
2602,3898,1
2603,9451,0
2604,9949,0
2605,8074,1
2606,6618,0
2607,8351,1
2608,7861,0
2609,8914,0
2610,9820,0
2611,9148,0
2612,1334,1
2613,1684,0
2614,6414,0
2615,6967,0
2616,1726,1
2617,9178,1
2618,6642,1
2619,1024,0
2620,6437,1
2621,7042,0
2622,5319,1
2623,4594,0
2624,3702,0
2625,4882,0
2626,4243,1
2627,4750,1
2628,5735,0
2629,1432,1
2630,7576,0
2631,7455,0
2632,5563,1
2633,2291,0
2634,5386,1
2635,8490,1
2636,2357,1
2637,5473,0
2638,7091,0
2639,2464,1
2640,2801,0
2641,6604,0
2642,2122,0
2643,4320,0
2644,1841,0
2645,8129,1
2646,3149,1
2647,10525,0
2648,1869,1
2649,8664,1
2650,1941,1
2651,5216,0
2652,7993,1
2653,7327,1
2654,4076,1
2655,6544,1
2656,3300,1
2657,9139,0
2658,6761,0
2659,2220,1
2660,5661,1
2661,1676,1
2662,1572,0
2663,9545,1
2664,212,0
2665,2498,1
2666,5758,1
2667,241,0
2668,7872,1
2669,10546,1
2670,9615,0
2671,882,1
2672,5753,1
2673,547,1
2674,10275,1
2675,7686,0
2676,6508,0
2677,4296,0
2678,6625,0
2679,404,1
2680,1289,1
2681,5239,0
2682,10261,0
2683,2649,1
2684,9886,0
2685,5341,1
2686,869,0
2687,5533,0
2688,1560,0
2689,9892,1
2690,1933,1
2691,5885,1
2692,7833,1
2693,7296,1
2694,7373,0
2695,8983,1
2696,5842,1
2697,2194,1
2698,132,0
2699,2659,0
2700,7896,1
2701,7887,0
2702,5745,0
2703,2409,0
2704,2253,0
2705,1434,0
2706,6946,1
2707,6510,0
2708,6982,0
2709,8999,1
2710,5170,1
2711,10158,1
2712,234,0
2713,9034,0
2714,3801,0
2715,3887,0
2716,10361,0
2717,5385,0
2718,6575,0
2719,3560,1
2720,2112,0
2721,4307,0
2722,8704,0
2723,10476,0
2724,4637,1
2725,2953,0
2726,1320,0
2727,3264,1
2728,7904,0
2729,9144,0
2730,4494,0
2731,4819,0
2732,3781,1
2733,3459,0
2734,5681,1
2735,6507,0
2736,3722,0
2737,398,1
2738,9377,0
2739,978,0
2740,3104,0
2741,2693,0
2742,3803,0
2743,9533,0
2744,1173,0
2745,10307,0
2746,10326,0
2747,5113,0
2748,1116,0
2749,10452,0
2750,8013,1
2751,6491,1
2752,9906,0
2753,7531,0
2754,102,1
2755,5233,0
2756,1661,0
2757,8280,0
2758,1000,0
2759,3743,0
2760,1501,0
2761,3809,0
2762,8647,0
2763,1959,1
2764,1690,1
2765,5498,0
2766,837,1
2767,8788,0
2768,4114,0
2769,1413,0
2770,6836,0
2771,4240,1
2772,1908,0
2773,5750,1
2774,10087,1
2775,2680,0
2776,4323,0
2777,4439,0
2778,8517,1
2779,933,0
2780,33,0
2781,4295,1
2782,3258,1
2783,7497,1
2784,9276,1
2785,9811,1
2786,3833,0
2787,7682,1
2788,1748,1
2789,3693,1
2790,3608,0
2791,10230,1
2792,5468,1
2793,10464,0
2794,6932,1
2795,3616,0
2796,9603,0
2797,10394,1
2798,5509,0
2799,3731,0
2800,5827,1
2801,10527,0
2802,7004,0
2803,3210,0
2804,59,0
2805,2660,0
2806,1909,1
2807,8569,0
2808,2862,1
2809,5966,0
2810,2639,1
2811,6838,0
2812,9527,1
2813,5345,0
2814,7702,1
2815,3242,1
2816,6516,1
2817,10412,1
2818,8213,1
2819,2598,0
2820,6193,1
2821,9593,0
2822,6646,0
2823,5388,0
2824,6413,0
2825,1540,1
2826,8660,1
2827,2999,1
2828,3194,1
2829,9437,0
2830,9473,0
2831,877,1
2832,9640,1
2833,4434,1
2834,8385,0
2835,2542,1
2836,3281,1
2837,7820,1
2838,1418,0
2839,6079,0
2840,3685,1
2841,9361,1
2842,3364,0
2843,7495,0
2844,8226,0
2845,8043,0
2846,9924,1
2847,6018,1
2848,3,0
2849,4592,1
2850,10125,1
2851,8900,1
2852,7028,0
2853,3419,0
2854,5514,1
2855,2770,1
2856,5007,0
2857,1931,1
2858,9768,1
2859,3337,1
2860,703,1
2861,6685,1
2862,6064,1
2863,1881,1
2864,4842,0
2865,8432,1
2866,3569,1
2867,9797,1
2868,2829,1
2869,3739,1
2870,2128,0
2871,2372,1
2872,3354,1
2873,3321,0
2874,8532,0
2875,1800,0
2876,2560,1
2877,3936,0
2878,2588,0
2879,4890,0
2880,8912,0
2881,6192,1
2882,8658,1
2883,5272,1
2884,10404,0
2885,2299,1
2886,9419,1
2887,3018,1
2888,8642,0
2889,6594,1
2890,8852,1
2891,9212,1
2892,7081,0
2893,8469,1
2894,1372,1
2895,2514,1
2896,2311,1
2897,5548,1
2898,9024,0
2899,10324,1
2900,7735,1
2901,1488,0
2902,9130,0
2903,2307,0
2904,2374,1
2905,10519,0
2906,10264,0
2907,9908,1
2908,1073,0
2909,118,0
2910,8884,1
2911,242,1
2912,6300,0
2913,5422,0
2914,899,0
2915,773,1
2916,70,0
2917,9249,1
2918,8847,1
2919,432,1
2920,468,0
2921,7830,0
2922,4642,0
2923,1782,0
2924,8683,0
2925,8551,1
2926,5224,1
2927,922,1
2928,757,0
2929,1101,1
2930,6804,1
2931,9266,0
2932,6487,1
2933,5627,1
2934,4972,0
2935,3596,0
2936,1420,0
2937,10209,0
2938,8629,0
2939,3147,0
2940,9821,0
2941,10377,1
2942,456,1
2943,9887,0
2944,8864,0
2945,5665,1
2946,1764,1
2947,9198,0
2948,7536,0
2949,991,0
2950,1537,0
2951,3450,0
2952,5663,0
2953,4221,0
2954,3350,1
2955,943,1
2956,3203,0
2957,1144,0
2958,2334,0
2959,7074,0
2960,10071,0
2961,7540,0
2962,4143,1
2963,6643,1
2964,1067,1
2965,6356,0
2966,8133,1
2967,108,1
2968,308,1
2969,7432,0
2970,2652,0
2971,4740,0
2972,7048,1
2973,490,1
2974,6808,1
2975,7990,1
2976,4460,1
2977,6803,0
2978,2414,1
2979,8085,1
2980,2031,0
2981,8476,0
2982,9840,0
2983,2853,1
2984,8114,0
2985,6245,0
2986,8918,1
2987,2621,0
2988,5344,0
2989,3775,1
2990,631,1
2991,10481,1
2992,8188,0
2993,9830,0
2994,5426,0
2995,6688,0
2996,4132,0
2997,588,0
2998,5600,0
2999,4743,0
3000,8711,1
3001,6039,1
3002,4576,0
3003,6941,1
3004,10202,0
3005,6632,0
3006,1079,0
3007,9642,0
3008,5401,0
3009,600,1
3010,4873,1
3011,5558,1
3012,483,1
3013,10378,0
3014,9004,1
3015,2809,0
3016,9542,0
3017,3215,1
3018,6924,1
3019,7213,0
3020,3105,0
3021,9771,0
3022,632,0
3023,3232,0
3024,1543,1
3025,2164,0
3026,4559,1
3027,9530,0
3028,2033,0
3029,2842,1
3030,4186,1
3031,4078,1
3032,8093,0
3033,7286,0
3034,7044,0
3035,9234,0
3036,8536,1
3037,307,0
3038,4382,0
3039,1350,1
3040,4632,0
3041,5639,0
3042,6445,1
3043,10511,1
3044,8601,1
3045,137,0
3046,2298,0
3047,8978,1
3048,7218,1
3049,856,1
3050,736,1
3051,7719,1
3052,3177,1
3053,2564,0
3054,3123,0
3055,4827,0
3056,6386,1
3057,708,0
3058,1414,0
3059,7190,0
3060,10298,0
3061,838,0
3062,10145,0
3063,3071,0
3064,5329,1
3065,462,0
3066,9809,1
3067,7279,0
3068,2707,1
3069,3671,0
3070,516,0
3071,10395,1
3072,8167,1
3073,2138,0
3074,5192,1
3075,1377,1
3076,1390,1
3077,1244,1
3078,8424,1
3079,205,1
3080,9592,0
3081,116,0
3082,8306,1
3083,7649,0
3084,9560,0
3085,2102,1
3086,10490,0
3087,97,1
3088,7618,0
3089,9413,1
3090,6148,0
3091,7147,0
3092,2430,0
3093,7539,0
3094,7475,0
3095,7796,0
3096,1582,0
3097,8454,1
3098,3164,1
3099,2375,0
3100,980,1
3101,10233,1
3102,2271,0
3103,7843,1
3104,6165,0
3105,3449,0
3106,8757,0
3107,9757,0
3108,6925,0
3109,6191,0
3110,6985,1
3111,9064,1
3112,2691,0
3113,657,1
3114,858,1
3115,6677,0
3116,642,0
3117,2627,1
3118,1569,0
3119,3674,1
3120,10095,1
3121,7423,1
3122,4993,1
3123,4983,1
3124,7070,0
3125,700,0
3126,2447,1
3127,2380,0
3128,8418,0
3129,1288,1
3130,9400,1
3131,8530,1
3132,784,1
3133,2969,0
3134,892,0
3135,5679,1
3136,4650,0
3137,994,0
3138,9751,0
3139,9462,1
3140,4958,0
3141,506,0
3142,4631,1
3143,4321,1
3144,5617,1
3145,7571,0
3146,6873,1
3147,7964,1
3148,4567,0
3149,7429,0
3150,3615,1
3151,8744,1
3152,1142,1
3153,6189,1
3154,3411,1
3155,9133,1
3156,5806,1
3157,2385,1
3158,801,0
3159,4672,1
3160,6530,0
3161,260,1
3162,6624,0
3163,2001,0
3164,8403,0
3165,4935,1
3166,7264,0
3167,9714,0
3168,5903,0
3169,3176,0
3170,7441,0
